"","org_names","safe_names"
"1","Akashi_005","Organism998"
"2","Beaver_Sweet","Organism997"
"3","Everbearing_185","Organism996"
"4","Hayazaki","Organism995"
"5","K1","Organism994"
"6","Kaho","Organism993"
"7","Loran","Organism992"
"8","Mara_des_Bois","Organism991"
"9","Marys_Peak","Organism990"
"10","MDUS_3022","Organism989"
"11","ORUS_1083-135","Organism988"
"12","ORUS_1239R-21","Organism987"
"13","ORUS_1267-236","Organism986"
"14","ORUS_1384-3","Organism985"
"15","ORUS_1391-1","Organism984"
"16","ORUS_1407-76","Organism983"
"17","ORUS_2427-1","Organism982"
"18","ORUS_740-7","Organism981"
"19","Roman","Organism980"
"20","Tarpan","Organism979"
"21","Temptation","Organism978"
"22","Yamagata_2","Organism977"
"23","FVC_11-58","Organism976"
"24","MSU_25","Organism975"
"25","MSU_38","Organism974"
"26","MSU_5","Organism973"
"27","MSU_56","Organism972"
"28","MSU_61","Organism971"
"29","MSU_70","Organism970"
"30","MSU_73","Organism969"
"31","MSU_75","Organism968"
"32","MSU_76","Organism967"
"33","MSU_77","Organism966"
"34","MSU_79","Organism965"
"35","00C003P602","Organism964"
"36","00C082P003","Organism963"
"37","00C139P003","Organism962"
"38","00C259P002","Organism961"
"39","00C295P002","Organism960"
"40","01C080P602","Organism959"
"41","01C132P003","Organism958"
"42","01C134P003","Organism957"
"43","01C134P010","Organism956"
"44","01C138P001","Organism955"
"45","01C139P002","Organism954"
"46","01C158P001","Organism953"
"47","01C206P005","Organism952"
"48","02C132P006","Organism951"
"49","02C143P003","Organism950"
"50","02C144P003","Organism949"
"51","02C156P003","Organism948"
"52","02C230P001","Organism947"
"53","03C001P606","Organism946"
"54","03C092P008","Organism945"
"55","03C102P002","Organism944"
"56","03C114P003","Organism943"
"57","03C132P003","Organism942"
"58","03C149P008","Organism941"
"59","03C163P001","Organism940"
"60","03C195P008","Organism939"
"61","04C018P004","Organism938"
"62","04C039P001","Organism937"
"63","04C041P006","Organism936"
"64","04C041P007","Organism935"
"65","04C044P603","Organism934"
"66","04C056P608","Organism933"
"67","04C076P004","Organism932"
"68","04C077P002","Organism931"
"69","05C092P011","Organism930"
"70","05C097P007","Organism929"
"71","05C099P006","Organism928"
"72","05C107P002","Organism927"
"73","05C108P007","Organism926"
"74","05C109P002","Organism925"
"75","05C115P005","Organism924"
"76","05C117P005","Organism923"
"77","05C120P009","Organism922"
"78","05C132P001","Organism921"
"79","05C148P002","Organism920"
"80","05C165P001","Organism919"
"81","05C197P002","Organism918"
"82","05C205P002","Organism917"
"83","05C206P005","Organism916"
"84","06C016P602","Organism915"
"85","06C020P605","Organism914"
"86","06C132P002","Organism913"
"87","06C137P002","Organism912"
"88","06C204P001","Organism911"
"89","06C217P001","Organism910"
"90","06C217P002","Organism909"
"91","06C218P002","Organism908"
"92","06C228P001","Organism907"
"93","07C039P601","Organism906"
"94","07C042P002","Organism905"
"95","07C043P001","Organism904"
"96","07C064P002","Organism903"
"97","07C064P003","Organism902"
"98","07C064P005","Organism901"
"99","07C092P003","Organism900"
"100","07C119P001","Organism899"
"101","07C120P003","Organism898"
"102","07C132P003","Organism897"
"103","07C134P001","Organism896"
"104","07C148P003","Organism895"
"105","07C203P001","Organism894"
"106","08C013P605","Organism893"
"107","08C020P602","Organism892"
"108","08C043P001","Organism891"
"109","08C055P002","Organism890"
"110","08C114P005","Organism889"
"111","08C123P001","Organism888"
"112","08C124P001","Organism887"
"113","08C128P002","Organism886"
"114","08C129P004","Organism885"
"115","08C132P003","Organism884"
"116","08C132P608","Organism883"
"117","08C134P004","Organism882"
"118","08C135P004","Organism881"
"119","08C138P003","Organism880"
"120","08C150P009","Organism879"
"121","08C181P001","Organism878"
"122","08C182P002","Organism877"
"123","09C048P003","Organism876"
"124","09C056P608","Organism875"
"125","09C061P602","Organism874"
"126","09C062P001","Organism873"
"127","09C078P603","Organism872"
"128","09C085P002","Organism871"
"129","09C091P001","Organism870"
"130","09C097P003","Organism869"
"131","09C100P003","Organism868"
"132","09C103P002","Organism867"
"133","09C108P002","Organism866"
"134","09C132P003","Organism865"
"135","09C141P001","Organism864"
"136","09C154P605","Organism863"
"137","09C166P007","Organism862"
"138","09C180P001","Organism861"
"139","10C017P001","Organism860"
"140","10C017P002","Organism859"
"141","10C024P002","Organism858"
"142","10C030P001","Organism857"
"143","10C055P002","Organism856"
"144","10C056P004","Organism855"
"145","10C099P001","Organism854"
"146","10C105P001","Organism853"
"147","10C106P001","Organism852"
"148","10C106P008","Organism851"
"149","10C116P001","Organism850"
"150","10C122P003","Organism849"
"151","10C122P006","Organism848"
"152","10C124P002","Organism847"
"153","10C126P002","Organism846"
"154","10C126P003","Organism845"
"155","10C127P001","Organism844"
"156","10C134P004","Organism843"
"157","10C140P001","Organism842"
"158","10C143P001","Organism841"
"159","10C144P001","Organism840"
"160","10C144P002","Organism839"
"161","10C144P003","Organism838"
"162","10C160P001","Organism837"
"163","10C160P003","Organism836"
"164","10C160P009","Organism835"
"165","10C166P001","Organism834"
"166","10C167P004","Organism833"
"167","10C187P004","Organism832"
"168","10C187P006","Organism831"
"169","11C003P001","Organism830"
"170","11C011P003","Organism829"
"171","11C016P001","Organism828"
"172","11C020P001","Organism827"
"173","11C030P002","Organism826"
"174","11C032P002","Organism825"
"175","11C034P605","Organism824"
"176","11C036P001","Organism823"
"177","11C036P002","Organism822"
"178","11C036P601","Organism821"
"179","11C049P006","Organism820"
"180","11C050P001","Organism819"
"181","11C055P003","Organism818"
"182","11C055P004","Organism817"
"183","11C057P001","Organism816"
"184","11C061P001","Organism815"
"185","11C067P001","Organism814"
"186","11C080P002","Organism813"
"187","11C089P001","Organism812"
"188","11C092P001","Organism811"
"189","11C096P001","Organism810"
"190","11C099P009","Organism809"
"191","11C101P004","Organism808"
"192","11C103P001","Organism807"
"193","11C105P001","Organism806"
"194","11C109P002","Organism805"
"195","11C109P003","Organism804"
"196","11C110P003","Organism803"
"197","11C113P006","Organism802"
"198","11C115P003","Organism801"
"199","11C124P001","Organism800"
"200","11C125P001","Organism799"
"201","11C129P001","Organism798"
"202","11C129P002","Organism797"
"203","11C141P001","Organism796"
"204","11C141P002","Organism795"
"205","11C141P004","Organism794"
"206","11C147P001","Organism793"
"207","11C151P004","Organism792"
"208","11C151P008","Organism791"
"209","11C153P003","Organism790"
"210","11C153P005","Organism789"
"211","11C153P009","Organism788"
"212","11C153P011","Organism787"
"213","11C154P001","Organism786"
"214","11C154P004","Organism785"
"215","11C154P005","Organism784"
"216","11C157P001","Organism783"
"217","11C158P001","Organism782"
"218","11C167P001","Organism781"
"219","11C167P004","Organism780"
"220","11C179P001","Organism779"
"221","11C180P001","Organism778"
"222","11C181P002","Organism777"
"223","11C190P003","Organism776"
"224","11C195P003","Organism775"
"225","12C001P605","Organism774"
"226","12C001P614","Organism773"
"227","12C002P605","Organism772"
"228","12C003P610","Organism771"
"229","12C004P001","Organism770"
"230","12C004P602","Organism769"
"231","12C005P001","Organism768"
"232","12C006P001","Organism767"
"233","12C006P601","Organism766"
"234","12C008P002","Organism765"
"235","12C009P605","Organism764"
"236","12C010P603","Organism763"
"237","12C012P001","Organism762"
"238","12C013P001","Organism761"
"239","12C014P001","Organism760"
"240","12C018P001","Organism759"
"241","12C020P001","Organism758"
"242","12C021P001","Organism757"
"243","12C021P601","Organism756"
"244","12C023P604","Organism755"
"245","12C023P605","Organism754"
"246","12C024P609","Organism753"
"247","12C024P614","Organism752"
"248","12C025P604","Organism751"
"249","12C028P001","Organism750"
"250","12C028P601","Organism749"
"251","12C029P001","Organism748"
"252","12C029P601","Organism747"
"253","12C030P601","Organism746"
"254","12C031P003","Organism745"
"255","12C034P601","Organism744"
"256","12C035P001","Organism743"
"257","12C035P601","Organism742"
"258","12C036P601","Organism741"
"259","12C037P001","Organism740"
"260","12C037P602","Organism739"
"261","12C038P602","Organism738"
"262","12C039P601","Organism737"
"263","12C040P002","Organism736"
"264","12C041P001","Organism735"
"265","12C041P601","Organism734"
"266","12C046P001","Organism733"
"267","12C047P601","Organism732"
"268","12C048P002","Organism731"
"269","12C048P603","Organism730"
"270","12C049P601","Organism729"
"271","12C053P601","Organism728"
"272","12C055P001","Organism727"
"273","12C058P601","Organism726"
"274","12C059P602","Organism725"
"275","12C060P602","Organism724"
"276","12C061P605","Organism723"
"277","12C064P001","Organism722"
"278","12C066P001","Organism721"
"279","12C066P606","Organism720"
"280","12C069P002","Organism719"
"281","12C070P001","Organism718"
"282","12C070P602","Organism717"
"283","12C071P001","Organism716"
"284","12C071P602","Organism715"
"285","12C072P001","Organism714"
"286","12C072P606","Organism713"
"287","12C075P001","Organism712"
"288","12C077P601","Organism711"
"289","12C078P602","Organism710"
"290","12C080P002","Organism709"
"291","12C082P602","Organism708"
"292","12C083P003","Organism707"
"293","12C084P002","Organism706"
"294","12C084P606","Organism705"
"295","12C088P001","Organism704"
"296","12C088P804","Organism703"
"297","12C089P002","Organism702"
"298","12C089P602","Organism701"
"299","12C092P602","Organism700"
"300","12C093P604","Organism699"
"301","12C094P604","Organism698"
"302","12C095P002","Organism697"
"303","12C096P002","Organism696"
"304","12C096P602","Organism695"
"305","12C099P003","Organism694"
"306","12C100P002","Organism693"
"307","12C104P004","Organism692"
"308","12C104P005","Organism691"
"309","12C105P010","Organism690"
"310","12C106P006","Organism689"
"311","12C108P004","Organism688"
"312","12C110P002","Organism687"
"313","12C110P004","Organism686"
"314","12C112P004","Organism685"
"315","12C112P008","Organism684"
"316","12C113P002","Organism683"
"317","12C114P001","Organism682"
"318","12C115P005","Organism681"
"319","12C115P006","Organism680"
"320","12C117P001","Organism679"
"321","12C118P002","Organism678"
"322","12C124P001","Organism677"
"323","12C129P002","Organism676"
"324","12C130P002","Organism675"
"325","12C142P001","Organism674"
"326","12C143P001","Organism673"
"327","12C147P002","Organism672"
"328","12C148P005","Organism671"
"329","12C149P002","Organism670"
"330","12C152P002","Organism669"
"331","12C155P001","Organism668"
"332","12C160P002","Organism667"
"333","12C160P003","Organism666"
"334","12C161P003","Organism665"
"335","12C162P001","Organism664"
"336","12C166P002","Organism663"
"337","12C169P003","Organism662"
"338","12C169P004","Organism661"
"339","12C171P005","Organism660"
"340","12C177P001","Organism659"
"341","12C178P004","Organism658"
"342","12C178P005","Organism657"
"343","12C179P001","Organism656"
"344","12C180P004","Organism655"
"345","12C183P001","Organism654"
"346","12C184P001","Organism653"
"347","12C185P001","Organism652"
"348","12C186P001","Organism651"
"349","12C189P001","Organism650"
"350","12C191P001","Organism649"
"351","12C192P001","Organism648"
"352","12C193P001","Organism647"
"353","12C194P001","Organism646"
"354","15X001P001","Organism645"
"355","16C001P001","Organism644"
"356","16C001P014","Organism643"
"357","16C001P015","Organism642"
"358","16C001P016","Organism641"
"359","16C001P027","Organism640"
"360","16C001P037","Organism639"
"361","16C001P038","Organism638"
"362","16C005P007","Organism637"
"363","16C005P009","Organism636"
"364","16C005P012","Organism635"
"365","16C005P020","Organism634"
"366","16C005P027","Organism633"
"367","16C005P028","Organism632"
"368","16C005P029","Organism631"
"369","16C005P035","Organism630"
"370","16C010P002","Organism629"
"371","16C010P003","Organism628"
"372","16C010P008","Organism627"
"373","16C010P009","Organism626"
"374","16C010P022","Organism625"
"375","16C010P024","Organism624"
"376","16C010P028","Organism623"
"377","16C010P038","Organism622"
"378","16C014P006","Organism621"
"379","16C014P009","Organism620"
"380","16C014P015","Organism619"
"381","16C014P020","Organism618"
"382","16C014P021","Organism617"
"383","16C014P022","Organism616"
"384","16C014P026","Organism615"
"385","16C014P027","Organism614"
"386","16C015P003","Organism613"
"387","16C015P015","Organism612"
"388","16C015P020","Organism611"
"389","16C015P026","Organism610"
"390","16C015P034","Organism609"
"391","16C015P036","Organism608"
"392","16C015P038","Organism607"
"393","16C016P002","Organism606"
"394","16C016P011","Organism605"
"395","16C016P017","Organism604"
"396","16C016P020","Organism603"
"397","16C016P021","Organism602"
"398","16C016P024","Organism601"
"399","16C016P031","Organism600"
"400","16C016P039","Organism599"
"401","16C017P008","Organism598"
"402","16C017P013","Organism597"
"403","16C017P017","Organism596"
"404","16C017P024","Organism595"
"405","16C017P026","Organism594"
"406","16C017P027","Organism593"
"407","16C017P033","Organism592"
"408","16C017P035","Organism591"
"409","16C018P011","Organism590"
"410","16C018P013","Organism589"
"411","16C018P014","Organism588"
"412","16C018P033","Organism587"
"413","16C018P035","Organism586"
"414","16C018P036","Organism585"
"415","16C018P037","Organism584"
"416","16C018P040","Organism583"
"417","16C019P001","Organism582"
"418","16C019P004","Organism581"
"419","16C019P014","Organism580"
"420","16C019P023","Organism579"
"421","16C019P025","Organism578"
"422","16C019P029","Organism577"
"423","16C019P033","Organism576"
"424","16C019P035","Organism575"
"425","16C020P001","Organism574"
"426","16C020P002","Organism573"
"427","16C020P009","Organism572"
"428","16C020P011","Organism571"
"429","16C020P016","Organism570"
"430","16C020P030","Organism569"
"431","16C020P034","Organism568"
"432","16C020P038","Organism567"
"433","16C021P001","Organism566"
"434","16C021P014","Organism565"
"435","16C021P021","Organism564"
"436","16C021P029","Organism563"
"437","16C021P032","Organism562"
"438","16C021P039","Organism561"
"439","16C021P040","Organism560"
"440","16C023P001","Organism559"
"441","16C023P007","Organism558"
"442","16C023P012","Organism557"
"443","16C023P013","Organism556"
"444","16C023P019","Organism555"
"445","16C023P027","Organism554"
"446","16C023P028","Organism553"
"447","16C023P031","Organism552"
"448","16C029P006","Organism551"
"449","16C029P010","Organism550"
"450","16C029P014","Organism549"
"451","16C029P018","Organism548"
"452","16C030P007","Organism547"
"453","16C030P010","Organism546"
"454","16C030P013","Organism545"
"455","16C033P008","Organism544"
"456","16C033P013","Organism543"
"457","16C033P016","Organism542"
"458","16C033P021","Organism541"
"459","16C033P028","Organism540"
"460","16C033P031","Organism539"
"461","16C033P032","Organism538"
"462","16C033P038","Organism537"
"463","16C035P001","Organism536"
"464","16C035P007","Organism535"
"465","16C035P013","Organism534"
"466","16C035P022","Organism533"
"467","16C035P031","Organism532"
"468","16C035P032","Organism531"
"469","16C035P035","Organism530"
"470","16C035P040","Organism529"
"471","16C036P003","Organism528"
"472","16C036P011","Organism527"
"473","16C036P012","Organism526"
"474","16C036P016","Organism525"
"475","16C036P017","Organism524"
"476","16C036P018","Organism523"
"477","16C036P022","Organism522"
"478","16C036P029","Organism521"
"479","16C037P019","Organism520"
"480","16C037P020","Organism519"
"481","16C037P022","Organism518"
"482","16C037P031","Organism517"
"483","16C037P033","Organism516"
"484","16C037P035","Organism515"
"485","16C037P037","Organism514"
"486","16C038P012","Organism513"
"487","16C038P015","Organism512"
"488","16C038P017","Organism511"
"489","16C038P019","Organism510"
"490","16C039P002","Organism509"
"491","16C039P016","Organism508"
"492","16C039P023","Organism507"
"493","16C039P024","Organism506"
"494","16C039P027","Organism505"
"495","16C039P033","Organism504"
"496","16C039P040","Organism503"
"497","16C040P006","Organism502"
"498","16C040P009","Organism501"
"499","16C040P016","Organism500"
"500","16C040P018","Organism499"
"501","16C041P005","Organism498"
"502","16C041P006","Organism497"
"503","16C041P012","Organism496"
"504","16C041P015","Organism495"
"505","16C041P030","Organism494"
"506","16C041P033","Organism493"
"507","16C041P040","Organism492"
"508","16C042P009","Organism491"
"509","16C042P014","Organism490"
"510","16C042P016","Organism489"
"511","16C042P019","Organism488"
"512","16C044P005","Organism487"
"513","16C044P010","Organism486"
"514","16C044P013","Organism485"
"515","16C044P014","Organism484"
"516","16C044P018","Organism483"
"517","16C044P025","Organism482"
"518","16C044P027","Organism481"
"519","16C044P036","Organism480"
"520","16C045P005","Organism479"
"521","16C045P016","Organism478"
"522","16C045P017","Organism477"
"523","16C045P020","Organism476"
"524","16C045P030","Organism475"
"525","16C045P033","Organism474"
"526","16C045P038","Organism473"
"527","16C046P003","Organism472"
"528","16C046P015","Organism471"
"529","16C046P018","Organism470"
"530","16C046P025","Organism469"
"531","16C046P027","Organism468"
"532","16C046P029","Organism467"
"533","16C046P037","Organism466"
"534","16C047P005","Organism465"
"535","16C047P006","Organism464"
"536","16C047P009","Organism463"
"537","16C047P021","Organism462"
"538","16C047P034","Organism461"
"539","16C047P037","Organism460"
"540","16C047P039","Organism459"
"541","16C048P002","Organism458"
"542","16C048P009","Organism457"
"543","16C048P012","Organism456"
"544","16C048P014","Organism455"
"545","16C048P021","Organism454"
"546","16C048P023","Organism453"
"547","16C048P031","Organism452"
"548","16C048P032","Organism451"
"549","16C049P012","Organism450"
"550","16C049P015","Organism449"
"551","16C049P019","Organism448"
"552","16C049P022","Organism447"
"553","16C049P023","Organism446"
"554","16C049P026","Organism445"
"555","16C049P032","Organism444"
"556","16C049P033","Organism443"
"557","16C050P005","Organism442"
"558","16C050P010","Organism441"
"559","16C050P015","Organism440"
"560","16C050P019","Organism439"
"561","16C050P023","Organism438"
"562","16C050P028","Organism437"
"563","16C050P034","Organism436"
"564","16C050P039","Organism435"
"565","16C051P008","Organism434"
"566","16C051P009","Organism433"
"567","16C051P013","Organism432"
"568","16C051P023","Organism431"
"569","16C051P027","Organism430"
"570","16C051P038","Organism429"
"571","16C051P040","Organism428"
"572","16C052P003","Organism427"
"573","16C052P005","Organism426"
"574","16C052P018","Organism425"
"575","16C052P019","Organism424"
"576","16C052P023","Organism423"
"577","16C052P025","Organism422"
"578","16C052P026","Organism421"
"579","16C052P031","Organism420"
"580","16C054P005","Organism419"
"581","16C054P006","Organism418"
"582","16C054P008","Organism417"
"583","16C054P016","Organism416"
"584","16C054P020","Organism415"
"585","16C054P028","Organism414"
"586","16C054P033","Organism413"
"587","16C055P001","Organism412"
"588","16C055P004","Organism411"
"589","16C055P010","Organism410"
"590","16C055P011","Organism409"
"591","16C055P019","Organism408"
"592","16C055P023","Organism407"
"593","16C055P031","Organism406"
"594","16C055P036","Organism405"
"595","16C056P005","Organism404"
"596","16C056P012","Organism403"
"597","16C056P013","Organism402"
"598","16C056P015","Organism401"
"599","16C056P023","Organism400"
"600","16C056P031","Organism399"
"601","16C056P035","Organism398"
"602","16C056P040","Organism397"
"603","16C057P002","Organism396"
"604","16C057P003","Organism395"
"605","16C057P004","Organism394"
"606","16C057P017","Organism393"
"607","16C057P024","Organism392"
"608","16C057P029","Organism391"
"609","16C057P035","Organism390"
"610","16C057P040","Organism389"
"611","16C058P003","Organism388"
"612","16C058P005","Organism387"
"613","16C058P007","Organism386"
"614","16C058P010","Organism385"
"615","16C058P013","Organism384"
"616","16C058P027","Organism383"
"617","16C058P035","Organism382"
"618","16C058P036","Organism381"
"619","16C059P003","Organism380"
"620","16C059P004","Organism379"
"621","16C059P005","Organism378"
"622","16C059P013","Organism377"
"623","16C059P016","Organism376"
"624","16C059P022","Organism375"
"625","16C059P024","Organism374"
"626","16C059P029","Organism373"
"627","16C060P002","Organism372"
"628","16C060P007","Organism371"
"629","16C060P015","Organism370"
"630","16C060P017","Organism369"
"631","16C060P025","Organism368"
"632","16C060P032","Organism367"
"633","16C060P036","Organism366"
"634","16C061P003","Organism365"
"635","16C061P010","Organism364"
"636","16C061P017","Organism363"
"637","16C061P020","Organism362"
"638","16C061P023","Organism361"
"639","16C061P028","Organism360"
"640","16C061P029","Organism359"
"641","16C061P037","Organism358"
"642","16C062P008","Organism357"
"643","16C062P014","Organism356"
"644","16C062P016","Organism355"
"645","16C062P017","Organism354"
"646","16C062P026","Organism353"
"647","16C062P027","Organism352"
"648","16C062P029","Organism351"
"649","16C062P030","Organism350"
"650","16C064P004","Organism349"
"651","16C064P010","Organism348"
"652","16C064P017","Organism347"
"653","16C064P025","Organism346"
"654","16C064P031","Organism345"
"655","16C064P032","Organism344"
"656","16C064P040","Organism343"
"657","16C067P006","Organism342"
"658","16C067P009","Organism341"
"659","16C067P020","Organism340"
"660","16C067P027","Organism339"
"661","16C067P033","Organism338"
"662","16C067P036","Organism337"
"663","16C067P038","Organism336"
"664","16C069P006","Organism335"
"665","16C069P008","Organism334"
"666","16C069P010","Organism333"
"667","16C069P017","Organism332"
"668","16C072P008","Organism331"
"669","16C072P015","Organism330"
"670","16C072P018","Organism329"
"671","16C072P021","Organism328"
"672","16C072P023","Organism327"
"673","16C072P034","Organism326"
"674","16C072P035","Organism325"
"675","16C085P008","Organism324"
"676","16C085P014","Organism323"
"677","16C085P018","Organism322"
"678","16C085P021","Organism321"
"679","16C085P033","Organism320"
"680","16C085P034","Organism319"
"681","16C085P036","Organism318"
"682","16C085P039","Organism317"
"683","16C086P007","Organism316"
"684","16C086P011","Organism315"
"685","16C086P019","Organism314"
"686","16C086P021","Organism313"
"687","16C086P024","Organism312"
"688","16C086P025","Organism311"
"689","16C086P035","Organism310"
"690","16C086P037","Organism309"
"691","16C087P009","Organism308"
"692","16C087P014","Organism307"
"693","16C087P017","Organism306"
"694","16C087P018","Organism305"
"695","16C088P001","Organism304"
"696","16C088P003","Organism303"
"697","16C088P016","Organism302"
"698","16C088P018","Organism301"
"699","16C088P023","Organism300"
"700","16C088P031","Organism299"
"701","16C088P039","Organism298"
"702","16C088P040","Organism297"
"703","16C089P003","Organism296"
"704","16C089P008","Organism295"
"705","16C089P012","Organism294"
"706","16C089P017","Organism293"
"707","16C089P023","Organism292"
"708","16C089P025","Organism291"
"709","16C089P031","Organism290"
"710","16C089P035","Organism289"
"711","16C090P005","Organism288"
"712","16C090P015","Organism287"
"713","16C090P020","Organism286"
"714","16C090P021","Organism285"
"715","16C090P022","Organism284"
"716","16C090P025","Organism283"
"717","16C090P029","Organism282"
"718","16C090P033","Organism281"
"719","16C091P001","Organism280"
"720","16C091P003","Organism279"
"721","16C091P011","Organism278"
"722","16C091P021","Organism277"
"723","16C091P024","Organism276"
"724","16C091P027","Organism275"
"725","16C091P039","Organism274"
"726","16C091P040","Organism273"
"727","16C092P002","Organism272"
"728","16C092P004","Organism271"
"729","16C092P005","Organism270"
"730","16C092P026","Organism269"
"731","16C092P032","Organism268"
"732","16C092P033","Organism267"
"733","16C092P037","Organism266"
"734","16C094P002","Organism265"
"735","16C094P010","Organism264"
"736","16C094P014","Organism263"
"737","16C094P022","Organism262"
"738","16C094P028","Organism261"
"739","16C094P030","Organism260"
"740","16C094P033","Organism259"
"741","16C094P034","Organism258"
"742","16C095P008","Organism257"
"743","16C095P009","Organism256"
"744","16C095P011","Organism255"
"745","16C095P014","Organism254"
"746","16C095P023","Organism253"
"747","16C095P027","Organism252"
"748","16C095P036","Organism251"
"749","16C095P038","Organism250"
"750","16C096P001","Organism249"
"751","16C096P006","Organism248"
"752","16C096P014","Organism247"
"753","16C096P020","Organism246"
"754","16C096P025","Organism245"
"755","16C096P027","Organism244"
"756","16C096P031","Organism243"
"757","16C096P034","Organism242"
"758","16C097P003","Organism241"
"759","16C097P016","Organism240"
"760","16C097P017","Organism239"
"761","16C097P022","Organism238"
"762","16C097P023","Organism237"
"763","16C097P028","Organism236"
"764","16C097P031","Organism235"
"765","16C097P033","Organism234"
"766","16C098P004","Organism233"
"767","16C098P016","Organism232"
"768","16C098P019","Organism231"
"769","16C098P025","Organism230"
"770","16C098P031","Organism229"
"771","16C098P036","Organism228"
"772","16C098P037","Organism227"
"773","16C098P039","Organism226"
"774","16C099P009","Organism225"
"775","16C099P017","Organism224"
"776","16C099P021","Organism223"
"777","16C099P026","Organism222"
"778","16C099P028","Organism221"
"779","16C099P029","Organism220"
"780","16C099P037","Organism219"
"781","16C099P039","Organism218"
"782","16C100P004","Organism217"
"783","16C100P008","Organism216"
"784","16C100P015","Organism215"
"785","16C100P020","Organism214"
"786","16C100P023","Organism213"
"787","16C100P027","Organism212"
"788","16C100P031","Organism211"
"789","16C100P037","Organism210"
"790","16C101P005","Organism209"
"791","16C101P008","Organism208"
"792","16C101P010","Organism207"
"793","16C101P013","Organism206"
"794","16C101P022","Organism205"
"795","16C101P030","Organism204"
"796","16C101P032","Organism203"
"797","16C101P038","Organism202"
"798","16C102P003","Organism201"
"799","16C102P010","Organism200"
"800","16C102P022","Organism199"
"801","16C102P029","Organism198"
"802","16C102P031","Organism197"
"803","16C102P033","Organism196"
"804","16C102P040","Organism195"
"805","16C104P007","Organism194"
"806","16C104P009","Organism193"
"807","16C104P010","Organism192"
"808","16C104P022","Organism191"
"809","16C104P026","Organism190"
"810","16C104P029","Organism189"
"811","16C104P030","Organism188"
"812","16C104P037","Organism187"
"813","16C507P007","Organism186"
"814","16C507P011","Organism185"
"815","16C507P019","Organism184"
"816","16C507P022","Organism183"
"817","16C507P028","Organism182"
"818","16C507P040","Organism181"
"819","16C517P007","Organism180"
"820","16C517P019","Organism179"
"821","16C517P020","Organism178"
"822","16C517P025","Organism177"
"823","16C517P028","Organism176"
"824","16C517P034","Organism175"
"825","16C517P035","Organism174"
"826","16C517P038","Organism173"
"827","16C536P001","Organism172"
"828","16C536P008","Organism171"
"829","16C536P016","Organism170"
"830","16C536P023","Organism169"
"831","16C536P027","Organism168"
"832","16C536P032","Organism167"
"833","16C536P038","Organism166"
"834","16C536P039","Organism165"
"835","16C546P001","Organism164"
"836","16C546P005","Organism163"
"837","16C546P008","Organism162"
"838","16C546P011","Organism161"
"839","16C546P012","Organism160"
"840","16C546P019","Organism159"
"841","16C546P024","Organism158"
"842","16C546P032","Organism157"
"843","16C556P001","Organism156"
"844","16C556P005","Organism155"
"845","16C556P011","Organism154"
"846","16C556P014","Organism153"
"847","16C556P020","Organism152"
"848","16C556P037","Organism151"
"849","16C556P038","Organism150"
"850","16C560P008","Organism149"
"851","16C560P009","Organism148"
"852","16C560P015","Organism147"
"853","16C560P018","Organism146"
"854","16C561P002","Organism145"
"855","16C561P003","Organism144"
"856","16C561P004","Organism143"
"857","16C561P014","Organism142"
"858","16C561P021","Organism141"
"859","16C561P022","Organism140"
"860","16C561P023","Organism139"
"861","16C561P026","Organism138"
"862","16C562P001","Organism137"
"863","16C562P007","Organism136"
"864","16C562P018","Organism135"
"865","16C562P020","Organism134"
"866","16C563P002","Organism133"
"867","16C563P010","Organism132"
"868","16C563P013","Organism131"
"869","16C563P016","Organism130"
"870","16C564P001","Organism129"
"871","16C564P007","Organism128"
"872","16C564P016","Organism127"
"873","16C564P018","Organism126"
"874","16C564P022","Organism125"
"875","16C564P027","Organism124"
"876","16C564P031","Organism123"
"877","16C564P035","Organism122"
"878","16C565P002","Organism121"
"879","16C565P003","Organism120"
"880","16C565P013","Organism119"
"881","16C565P019","Organism118"
"882","16C565P025","Organism117"
"883","16C565P026","Organism116"
"884","16C565P028","Organism115"
"885","16C565P029","Organism114"
"886","16C566P002","Organism113"
"887","16C566P008","Organism112"
"888","16C566P018","Organism111"
"889","16C566P019","Organism110"
"890","16C566P021","Organism109"
"891","16C566P026","Organism108"
"892","16C566P027","Organism107"
"893","16C566P040","Organism106"
"894","35C035P008","Organism105"
"895","35C093P011","Organism104"
"896","36C003P001","Organism103"
"897","36C027P006","Organism102"
"898","36C039P004","Organism101"
"899","42C008P016","Organism100"
"900","51S001P001","Organism99"
"901","53C009P002","Organism98"
"902","53C009P009","Organism97"
"903","53C009P010","Organism96"
"904","55C023P001","Organism95"
"905","56C124P012","Organism94"
"906","56S115P011","Organism93"
"907","57C004P001","Organism92"
"908","58C045P002","Organism91"
"909","61C016P099","Organism90"
"910","61S016P006","Organism89"
"911","63C120P001","Organism88"
"912","63C125P039","Organism87"
"913","65C065P601","Organism86"
"914","65C272P104","Organism85"
"915","65C272P105","Organism84"
"916","69C141P101","Organism83"
"917","70C003P108","Organism82"
"918","70C003P117","Organism81"
"919","70C007P130","Organism80"
"920","70C008P101","Organism79"
"921","70C027P103","Organism78"
"922","71C098P605","Organism77"
"923","71C101P611","Organism76"
"924","72C008P105","Organism75"
"925","72C271P105","Organism74"
"926","72C330P107","Organism73"
"927","75C034P105","Organism72"
"928","75C071P105","Organism71"
"929","75C071P107","Organism70"
"930","77C030P605","Organism69"
"931","77C032P103","Organism68"
"932","77C036P604","Organism67"
"933","77C056P101","Organism66"
"934","80C124P108","Organism65"
"935","81C016P604","Organism64"
"936","81C043P603","Organism63"
"937","82C014P603","Organism62"
"938","83C049P001","Organism61"
"939","83C093P006","Organism60"
"940","85C003P002","Organism59"
"941","85C022P001","Organism58"
"942","87C054P006","Organism57"
"943","87C076P002","Organism56"
"944","87C112P006","Organism55"
"945","87C112P010","Organism54"
"946","88C047P002","Organism53"
"947","88C066P610","Organism52"
"948","88C066P616","Organism51"
"949","88C070P613","Organism50"
"950","89C041P603","Organism49"
"951","89C206P002","Organism48"
"952","89C208P012","Organism47"
"953","89C218P031","Organism46"
"954","89C230P007","Organism45"
"955","89C259P032","Organism44"
"956","90C241P005","Organism43"
"957","90C266P001","Organism42"
"958","91C238P002","Organism41"
"959","91C248P002","Organism40"
"960","91C248P003","Organism39"
"961","91C248P006","Organism38"
"962","91C324P001","Organism37"
"963","92C289P002","Organism36"
"964","92C289P004","Organism35"
"965","92C338P001","Organism34"
"966","92C339P002","Organism33"
"967","93C028P001","Organism32"
"968","93C040P009","Organism31"
"969","93C072P009","Organism30"
"970","93C226P002","Organism29"
"971","94C003P011","Organism28"
"972","94C016P001","Organism27"
"973","94C256P607","Organism26"
"974","94C306P002","Organism25"
"975","95C085P003","Organism24"
"976","95C144P002","Organism23"
"977","95C179P002","Organism22"
"978","96C042P601","Organism21"
"979","96C048P613","Organism20"
"980","96C063P606","Organism19"
"981","96C115P004","Organism18"
"982","96C203P009","Organism17"
"983","97C085P006","Organism16"
"984","97C086P001","Organism15"
"985","97C093P007","Organism14"
"986","97C110P005","Organism13"
"987","97C117P003","Organism12"
"988","97C192P001","Organism11"
"989","97C207P003","Organism10"
"990","98C152P008","Organism9"
"991","98C163P002","Organism8"
"992","99C205P006","Organism7"
"993","99C206P006","Organism6"
"994","PI236579","Organism5"
"995","PI264680","Organism4"
"996","PI270471","Organism3"
"997","PI551394","Organism2"
"998","PI551398","Organism1"
"999","PI551401","Organism0"
